model,total_items,P@1,P@3,P@5,R@1,R@3,R@5,F1@1,F1@3,F1@5,MRR,NDCG@5,MAP@5,Top-1 Accuracy,Top-3 Accuracy,Top-5 Accuracy,ROC_AUC,mean_similarity,median_similarity,std_similarity
Similarity-based,673,1.0,1.0,1.0,0.054279749478079335,0.12108559498956159,0.15657620041753653,0.10297029702970296,0.21601489757914338,0.27075812274368233,0.08917884481558802,0.10588176101617906,0.08917884481558802,0.054279749478079335,0.12108559498956159,0.15657620041753653,0.5470402298850575,0.9967622107702953,0.9997663221016867,0.018322271642120507
KNN,673,1.0,1.0,1.0,0.12108559498956159,0.23799582463465555,0.2964509394572025,0.21601489757914338,0.3844856661045531,0.4573268921095008,0.1844815588030619,0.2122723287692933,0.1844815588030619,0.12108559498956159,0.23799582463465555,0.2964509394572025,0.6209579289994828,0.6919946716795348,0.6852837580553315,0.059216322084347725
SVM,673,1.0,1.0,1.0,0.04592901878914405,0.0918580375782881,0.14822546972860126,0.08782435129740519,0.1682600382409178,0.2581818181818182,0.07877522616562282,0.09580930658657023,0.07877522616562282,0.04592901878914405,0.0918580375782881,0.14822546972860126,0.42315337809992487,0.9921584686057892,0.9999997629521544,0.05743638460935093
